{
 "file_size": 2920,
 "global_entropy": 5.087162856004129,
 "block_mean_entropy": 4.689776567186686,
 "block_std_entropy": 0.21037387420135778,
 "block_entropy_range": 0.5211366950602612,
 "byte_skewness": -0.07353986302591822,
 "byte_kurtosis": -1.132145871168612,
 "ascii_ratio": 0.9664383561643836,
 "digit_ratio": 0.03321917808219178,
 "uppercase_ratio": 0.3684931506849315,
 "lowercase_ratio": 0.29383561643835615,
 "symbol_ratio": 0.04417808219178082,
 "null_ratio": 0.0,
 "non_printable_ratio": 0.03356164383561644,
 "byte_mean": 70.50205479452055,
 "byte_std": 30.74830426146947,
 "line_count": 49,
 "avg_line_length": 57.59183673469388,
 "empty_line_ratio": 0.14285714285714285,
 "max_line_length": 109,
 "hist_bin_0": 0.03356164383561644,
 "hist_bin_1": 0.2825342465753425,
 "hist_bin_2": 0.3886986301369863,
 "hist_bin_3": 0.2952054794520548,
 "hist_bin_4": 0.0,
 "hist_bin_5": 0.0,
 "hist_bin_6": 0.0,
 "hist_bin_7": 0.0
}