{
 "file_size": 3769,
 "global_entropy": 4.865639400451373,
 "block_mean_entropy": 3.9494844062631764,
 "block_std_entropy": 0.6526018004874239,
 "block_entropy_range": 1.8950580831837773,
 "byte_skewness": -0.0874056888814701,
 "byte_kurtosis": -0.8602234065693941,
 "ascii_ratio": 0.9628548686654285,
 "digit_ratio": 0.13266118333775537,
 "uppercase_ratio": 0.36163438577872115,
 "lowercase_ratio": 0.2892013796763067,
 "symbol_ratio": 0.04218625630140621,
 "null_ratio": 0.0,
 "non_printable_ratio": 0.03714513133457151,
 "byte_mean": 70.97877421066596,
 "byte_std": 28.6324282307339,
 "line_count": 70,
 "avg_line_length": 51.84285714285714,
 "empty_line_ratio": 0.1,
 "max_line_length": 80,
 "hist_bin_0": 0.03714513133457151,
 "hist_bin_1": 0.3040594322101353,
 "hist_bin_2": 0.3680021225789334,
 "hist_bin_3": 0.29079331387635976,
 "hist_bin_4": 0.0,
 "hist_bin_5": 0.0,
 "hist_bin_6": 0.0,
 "hist_bin_7": 0.0
}