{
 "file_size": 3155,
 "global_entropy": 4.404603004414832,
 "block_mean_entropy": 4.315307761309614,
 "block_std_entropy": 0.19912382707410037,
 "block_entropy_range": 0.5406174655976015,
 "byte_skewness": -0.3483591729573282,
 "byte_kurtosis": -1.6412242191766042,
 "ascii_ratio": 0.9378763866877972,
 "digit_ratio": 0.0098256735340729,
 "uppercase_ratio": 0.005705229793977813,
 "lowercase_ratio": 0.5385103011093503,
 "symbol_ratio": 0.09064976228209191,
 "null_ratio": 0.0,
 "non_printable_ratio": 0.062123613312202855,
 "byte_mean": 75.68050713153724,
 "byte_std": 38.258193455288904,
 "line_count": 98,
 "avg_line_length": 30.193877551020407,
 "empty_line_ratio": 0.17346938775510204,
 "max_line_length": 102,
 "hist_bin_0": 0.062123613312202855,
 "hist_bin_1": 0.3600633914421553,
 "hist_bin_2": 0.03613312202852615,
 "hist_bin_3": 0.5416798732171156,
 "hist_bin_4": 0.0,
 "hist_bin_5": 0.0,
 "hist_bin_6": 0.0,
 "hist_bin_7": 0.0
}