{
 "file_size": 1036,
 "global_entropy": 4.481242066370149,
 "block_mean_entropy": 3.9274738276636736,
 "block_std_entropy": 0.8809648061504531,
 "block_entropy_range": 1.6245317076612458,
 "byte_skewness": -0.5896849815420613,
 "byte_kurtosis": -1.3948347659367764,
 "ascii_ratio": 0.9343629343629344,
 "digit_ratio": 0.0009652509652509653,
 "uppercase_ratio": 0.0028957528957528956,
 "lowercase_ratio": 0.6042471042471043,
 "symbol_ratio": 0.12548262548262548,
 "null_ratio": 0.0,
 "non_printable_ratio": 0.06563706563706563,
 "byte_mean": 80.25,
 "byte_std": 37.76745358364858,
 "line_count": 34,
 "avg_line_length": 28.470588235294116,
 "empty_line_ratio": 0.2647058823529412,
 "max_line_length": 84,
 "hist_bin_0": 0.06563706563706563,
 "hist_bin_1": 0.30212355212355213,
 "hist_bin_2": 0.02413127413127413,
 "hist_bin_3": 0.6081081081081081,
 "hist_bin_4": 0.0,
 "hist_bin_5": 0.0,
 "hist_bin_6": 0.0,
 "hist_bin_7": 0.0
}