{
 "file_size": 1199,
 "global_entropy": 4.652154533652594,
 "block_mean_entropy": 4.5374192458875395,
 "block_std_entropy": 0.02066232579964985,
 "block_entropy_range": 0.038403227401180295,
 "byte_skewness": -0.5984392285107751,
 "byte_kurtosis": -1.3741236020275847,
 "ascii_ratio": 0.9316096747289407,
 "digit_ratio": 0.004170141784820684,
 "uppercase_ratio": 0.0016680567139282735,
 "lowercase_ratio": 0.5888240200166805,
 "symbol_ratio": 0.09674728940783987,
 "null_ratio": 0.0,
 "non_printable_ratio": 0.06839032527105922,
 "byte_mean": 80.03836530442035,
 "byte_std": 37.73922013781559,
 "line_count": 41,
 "avg_line_length": 27.24390243902439,
 "empty_line_ratio": 0.1951219512195122,
 "max_line_length": 82,
 "hist_bin_0": 0.06839032527105922,
 "hist_bin_1": 0.29608006672226855,
 "hist_bin_2": 0.043369474562135114,
 "hist_bin_3": 0.5921601334445371,
 "hist_bin_4": 0.0,
 "hist_bin_5": 0.0,
 "hist_bin_6": 0.0,
 "hist_bin_7": 0.0
}