{
 "file_size": 3012,
 "global_entropy": 4.275306130972523,
 "block_mean_entropy": 4.112470860341069,
 "block_std_entropy": 0.5207431895250269,
 "block_entropy_range": 1.4444771218339474,
 "byte_skewness": 0.49264189297277206,
 "byte_kurtosis": -1.4222590979240877,
 "ascii_ratio": 0.9276228419654714,
 "digit_ratio": 0.060756972111553786,
 "uppercase_ratio": 0.016268260292164674,
 "lowercase_ratio": 0.3114209827357238,
 "symbol_ratio": 0.15869853917662682,
 "null_ratio": 0.0,
 "non_printable_ratio": 0.07237715803452856,
 "byte_mean": 59.632802124834,
 "byte_std": 36.25589606833373,
 "line_count": 109,
 "avg_line_length": 25.63302752293578,
 "empty_line_ratio": 0.03669724770642202,
 "max_line_length": 69,
 "hist_bin_0": 0.07237715803452856,
 "hist_bin_1": 0.5693891102257637,
 "hist_bin_2": 0.03353253652058433,
 "hist_bin_3": 0.3247011952191235,
 "hist_bin_4": 0.0,
 "hist_bin_5": 0.0,
 "hist_bin_6": 0.0,
 "hist_bin_7": 0.0
}