{
 "file_size": 1320,
 "global_entropy": 4.308200254473325,
 "block_mean_entropy": 4.255323449387837,
 "block_std_entropy": 0.14910842288914863,
 "block_entropy_range": 0.26531972922449665,
 "byte_skewness": -0.2502332136878682,
 "byte_kurtosis": -1.7106505498927669,
 "ascii_ratio": 0.9272727272727272,
 "digit_ratio": 0.004545454545454545,
 "uppercase_ratio": 0.0022727272727272726,
 "lowercase_ratio": 0.5083333333333333,
 "symbol_ratio": 0.09090909090909091,
 "null_ratio": 0.0,
 "non_printable_ratio": 0.07272727272727272,
 "byte_mean": 73.075,
 "byte_std": 38.65027318692899,
 "line_count": 48,
 "avg_line_length": 25.5,
 "empty_line_ratio": 0.16666666666666666,
 "max_line_length": 70,
 "hist_bin_0": 0.07272727272727272,
 "hist_bin_1": 0.37803030303030305,
 "hist_bin_2": 0.03939393939393939,
 "hist_bin_3": 0.5098484848484849,
 "hist_bin_4": 0.0,
 "hist_bin_5": 0.0,
 "hist_bin_6": 0.0,
 "hist_bin_7": 0.0
}