{
 "file_size": 1067,
 "global_entropy": 4.512016961267749,
 "block_mean_entropy": 4.373393408322122,
 "block_std_entropy": 0.14775086549414648,
 "block_entropy_range": 0.29230125619612934,
 "byte_skewness": -0.33417080569091867,
 "byte_kurtosis": -1.626069252374935,
 "ascii_ratio": 0.9268978444236177,
 "digit_ratio": 0.01780693533270853,
 "uppercase_ratio": 0.0028116213683223993,
 "lowercase_ratio": 0.5023430178069354,
 "symbol_ratio": 0.10309278350515463,
 "null_ratio": 0.0,
 "non_printable_ratio": 0.07310215557638237,
 "byte_mean": 74.5473289597001,
 "byte_std": 37.98337770772449,
 "line_count": 39,
 "avg_line_length": 25.358974358974358,
 "empty_line_ratio": 0.1282051282051282,
 "max_line_length": 66,
 "hist_bin_0": 0.07310215557638237,
 "hist_bin_1": 0.3561387066541706,
 "hist_bin_2": 0.06841611996251172,
 "hist_bin_3": 0.5023430178069354,
 "hist_bin_4": 0.0,
 "hist_bin_5": 0.0,
 "hist_bin_6": 0.0,
 "hist_bin_7": 0.0
}