{
 "file_size": 966,
 "global_entropy": 4.618131390724777,
 "block_mean_entropy": 4.566424995398362,
 "block_std_entropy": 0.08266502314895789,
 "block_entropy_range": 0.11690599687114211,
 "byte_skewness": -0.7652369937525122,
 "byte_kurtosis": -1.0894819392382546,
 "ascii_ratio": 0.9440993788819876,
 "digit_ratio": 0.017598343685300208,
 "uppercase_ratio": 0.005175983436853002,
 "lowercase_ratio": 0.6325051759834368,
 "symbol_ratio": 0.10144927536231885,
 "null_ratio": 0.0,
 "non_printable_ratio": 0.055900621118012424,
 "byte_mean": 82.68012422360249,
 "byte_std": 35.6755879554634,
 "line_count": 27,
 "avg_line_length": 33.77777777777778,
 "empty_line_ratio": 0.18518518518518517,
 "max_line_length": 83,
 "hist_bin_0": 0.055900621118012424,
 "hist_bin_1": 0.2701863354037267,
 "hist_bin_2": 0.033126293995859216,
 "hist_bin_3": 0.6407867494824017,
 "hist_bin_4": 0.0,
 "hist_bin_5": 0.0,
 "hist_bin_6": 0.0,
 "hist_bin_7": 0.0
}