{
 "file_size": 2929,
 "global_entropy": 4.368566126496678,
 "block_mean_entropy": 4.273485257264737,
 "block_std_entropy": 0.18687797349511737,
 "block_entropy_range": 0.5530300372667014,
 "byte_skewness": -0.4152336003001827,
 "byte_kurtosis": -1.5951073380523666,
 "ascii_ratio": 0.9344486172755206,
 "digit_ratio": 0.0020484807101399795,
 "uppercase_ratio": 0.007169682485489928,
 "lowercase_ratio": 0.5541140320928645,
 "symbol_ratio": 0.09115739160122908,
 "null_ratio": 0.0,
 "non_printable_ratio": 0.06555138272447934,
 "byte_mean": 76.36087401843632,
 "byte_std": 38.08279042627512,
 "line_count": 96,
 "avg_line_length": 28.510416666666668,
 "empty_line_ratio": 0.19791666666666666,
 "max_line_length": 76,
 "hist_bin_0": 0.06555138272447934,
 "hist_bin_1": 0.3414134516899966,
 "hist_bin_2": 0.035506998975759645,
 "hist_bin_3": 0.5575281666097645,
 "hist_bin_4": 0.0,
 "hist_bin_5": 0.0,
 "hist_bin_6": 0.0,
 "hist_bin_7": 0.0
}