{
 "file_size": 2269,
 "global_entropy": 4.5476210902720995,
 "block_mean_entropy": 4.4402039589556175,
 "block_std_entropy": 0.32501335976150075,
 "block_entropy_range": 0.7954525747982855,
 "byte_skewness": -0.2549412354011045,
 "byte_kurtosis": -1.6736007031288693,
 "ascii_ratio": 0.9277214631996474,
 "digit_ratio": 0.01762891141472014,
 "uppercase_ratio": 0.018069634200088145,
 "lowercase_ratio": 0.50330542089026,
 "symbol_ratio": 0.10841780520052886,
 "null_ratio": 0.0,
 "non_printable_ratio": 0.07227853680035258,
 "byte_mean": 73.54561480828559,
 "byte_std": 38.33320160158131,
 "line_count": 82,
 "avg_line_length": 25.670731707317074,
 "empty_line_ratio": 0.21951219512195122,
 "max_line_length": 87,
 "hist_bin_0": 0.07227853680035258,
 "hist_bin_1": 0.373292199206699,
 "hist_bin_2": 0.04098721903922433,
 "hist_bin_3": 0.5134420449537241,
 "hist_bin_4": 0.0,
 "hist_bin_5": 0.0,
 "hist_bin_6": 0.0,
 "hist_bin_7": 0.0
}