{
 "file_size": 2330,
 "global_entropy": 4.254902722198767,
 "block_mean_entropy": 4.1700431845671755,
 "block_std_entropy": 0.4345422934274359,
 "block_entropy_range": 1.0798622353147467,
 "byte_skewness": 0.18635770826293666,
 "byte_kurtosis": -1.686848708578789,
 "ascii_ratio": 0.9278969957081545,
 "digit_ratio": 0.013733905579399141,
 "uppercase_ratio": 0.041201716738197426,
 "lowercase_ratio": 0.3789699570815451,
 "symbol_ratio": 0.12489270386266095,
 "null_ratio": 0.0,
 "non_printable_ratio": 0.07210300429184549,
 "byte_mean": 64.98369098712446,
 "byte_std": 37.967500108490185,
 "line_count": 84,
 "avg_line_length": 25.738095238095237,
 "empty_line_ratio": 0.047619047619047616,
 "max_line_length": 78,
 "hist_bin_0": 0.07210300429184549,
 "hist_bin_1": 0.47339055793991414,
 "hist_bin_2": 0.06609442060085836,
 "hist_bin_3": 0.388412017167382,
 "hist_bin_4": 0.0,
 "hist_bin_5": 0.0,
 "hist_bin_6": 0.0,
 "hist_bin_7": 0.0
}