{
 "file_size": 2615,
 "global_entropy": 4.4300709296392125,
 "block_mean_entropy": 4.246727914345417,
 "block_std_entropy": 0.46914478837160317,
 "block_entropy_range": 1.2740957692497434,
 "byte_skewness": 0.08533875348788454,
 "byte_kurtosis": -1.7184365939456665,
 "ascii_ratio": 0.9273422562141491,
 "digit_ratio": 0.027533460803059275,
 "uppercase_ratio": 0.027151051625239005,
 "lowercase_ratio": 0.39923518164435945,
 "symbol_ratio": 0.12848948374760993,
 "null_ratio": 0.0,
 "non_printable_ratio": 0.07265774378585087,
 "byte_mean": 66.9889101338432,
 "byte_std": 38.17018687056428,
 "line_count": 95,
 "avg_line_length": 25.526315789473685,
 "empty_line_ratio": 0.06315789473684211,
 "max_line_length": 68,
 "hist_bin_0": 0.07265774378585087,
 "hist_bin_1": 0.4565965583173996,
 "hist_bin_2": 0.06309751434034416,
 "hist_bin_3": 0.40764818355640536,
 "hist_bin_4": 0.0,
 "hist_bin_5": 0.0,
 "hist_bin_6": 0.0,
 "hist_bin_7": 0.0
}