{
 "file_size": 5912,
 "global_entropy": 4.561582980725403,
 "block_mean_entropy": 4.379887186628962,
 "block_std_entropy": 0.25529506977839056,
 "block_entropy_range": 0.7837384184860592,
 "byte_skewness": -0.22962173235718153,
 "byte_kurtosis": -1.6788711664444318,
 "ascii_ratio": 0.9330175913396481,
 "digit_ratio": 0.033152909336941816,
 "uppercase_ratio": 0.007780784844384303,
 "lowercase_ratio": 0.4976319350473613,
 "symbol_ratio": 0.10013531799729364,
 "null_ratio": 0.0,
 "non_printable_ratio": 0.06698240866035182,
 "byte_mean": 73.47784167794316,
 "byte_std": 38.20418465976678,
 "line_count": 198,
 "avg_line_length": 27.858585858585858,
 "empty_line_ratio": 0.21212121212121213,
 "max_line_length": 89,
 "hist_bin_0": 0.06698240866035182,
 "hist_bin_1": 0.3871786197564276,
 "hist_bin_2": 0.04482408660351827,
 "hist_bin_3": 0.5010148849797023,
 "hist_bin_4": 0.0,
 "hist_bin_5": 0.0,
 "hist_bin_6": 0.0,
 "hist_bin_7": 0.0
}