{
 "file_size": 1267,
 "global_entropy": 4.61130381029374,
 "block_mean_entropy": 4.539497353469078,
 "block_std_entropy": 0.1125804887062549,
 "block_entropy_range": 0.21401686948161203,
 "byte_skewness": -0.4900951369294913,
 "byte_kurtosis": -1.4817869332920097,
 "ascii_ratio": 0.930544593528019,
 "digit_ratio": 0.0244672454617206,
 "uppercase_ratio": 0.0015785319652722968,
 "lowercase_ratio": 0.5627466456195738,
 "symbol_ratio": 0.10102604577742699,
 "null_ratio": 0.0,
 "non_printable_ratio": 0.06945540647198106,
 "byte_mean": 77.88713496448302,
 "byte_std": 37.57810976229329,
 "line_count": 44,
 "avg_line_length": 26.795454545454547,
 "empty_line_ratio": 0.13636363636363635,
 "max_line_length": 69,
 "hist_bin_0": 0.06945540647198106,
 "hist_bin_1": 0.32517758484609316,
 "hist_bin_2": 0.037884767166535126,
 "hist_bin_3": 0.5674822415153907,
 "hist_bin_4": 0.0,
 "hist_bin_5": 0.0,
 "hist_bin_6": 0.0,
 "hist_bin_7": 0.0
}