{
 "file_size": 1278,
 "global_entropy": 4.626949805897504,
 "block_mean_entropy": 4.531526549016779,
 "block_std_entropy": 0.06556064042535902,
 "block_entropy_range": 0.1307776612126137,
 "byte_skewness": -0.6037315994226651,
 "byte_kurtosis": -1.3729628068993072,
 "ascii_ratio": 0.9389671361502347,
 "digit_ratio": 0.003129890453834116,
 "uppercase_ratio": 0.002347417840375587,
 "lowercase_ratio": 0.6087636932707355,
 "symbol_ratio": 0.1298904538341158,
 "null_ratio": 0.0,
 "non_printable_ratio": 0.06103286384976526,
 "byte_mean": 80.28873239436619,
 "byte_std": 37.210861928985565,
 "line_count": 39,
 "avg_line_length": 30.76923076923077,
 "empty_line_ratio": 0.20512820512820512,
 "max_line_length": 95,
 "hist_bin_0": 0.06103286384976526,
 "hist_bin_1": 0.30359937402190923,
 "hist_bin_2": 0.025039123630672927,
 "hist_bin_3": 0.6103286384976526,
 "hist_bin_4": 0.0,
 "hist_bin_5": 0.0,
 "hist_bin_6": 0.0,
 "hist_bin_7": 0.0
}