{
 "file_size": 1158,
 "global_entropy": 4.574490395022893,
 "block_mean_entropy": 4.437598302345359,
 "block_std_entropy": 0.061429098668788956,
 "block_entropy_range": 0.11959824867241142,
 "byte_skewness": -0.5724943613138584,
 "byte_kurtosis": -1.3908285148298056,
 "ascii_ratio": 0.9343696027633851,
 "digit_ratio": 0.017271157167530225,
 "uppercase_ratio": 0.011226252158894647,
 "lowercase_ratio": 0.5932642487046632,
 "symbol_ratio": 0.09930915371329879,
 "null_ratio": 0.0,
 "non_printable_ratio": 0.06563039723661486,
 "byte_mean": 78.72193436960276,
 "byte_std": 36.838634996190706,
 "line_count": 38,
 "avg_line_length": 28.473684210526315,
 "empty_line_ratio": 0.18421052631578946,
 "max_line_length": 57,
 "hist_bin_0": 0.06563039723661486,
 "hist_bin_1": 0.30483592400690845,
 "hist_bin_2": 0.03281519861830743,
 "hist_bin_3": 0.5967184801381693,
 "hist_bin_4": 0.0,
 "hist_bin_5": 0.0,
 "hist_bin_6": 0.0,
 "hist_bin_7": 0.0
}