{
 "file_size": 1216,
 "global_entropy": 4.575512817025711,
 "block_mean_entropy": 4.419956674913974,
 "block_std_entropy": 0.27769201241684505,
 "block_entropy_range": 0.5017380069980284,
 "byte_skewness": -0.37044365596283896,
 "byte_kurtosis": -1.6081316137166561,
 "ascii_ratio": 0.9325657894736842,
 "digit_ratio": 0.013980263157894737,
 "uppercase_ratio": 0.0024671052631578946,
 "lowercase_ratio": 0.5419407894736842,
 "symbol_ratio": 0.11677631578947369,
 "null_ratio": 0.0,
 "non_printable_ratio": 0.06743421052631579,
 "byte_mean": 75.82565789473684,
 "byte_std": 38.047354491182446,
 "line_count": 41,
 "avg_line_length": 27.658536585365855,
 "empty_line_ratio": 0.24390243902439024,
 "max_line_length": 85,
 "hist_bin_0": 0.06743421052631579,
 "hist_bin_1": 0.35444078947368424,
 "hist_bin_2": 0.03125,
 "hist_bin_3": 0.546875,
 "hist_bin_4": 0.0,
 "hist_bin_5": 0.0,
 "hist_bin_6": 0.0,
 "hist_bin_7": 0.0
}