{
 "file_size": 2387,
 "global_entropy": 4.5117664709979675,
 "block_mean_entropy": 4.408738493595351,
 "block_std_entropy": 0.25611968382734357,
 "block_entropy_range": 0.524120912902263,
 "byte_skewness": -0.3644560587253643,
 "byte_kurtosis": -1.6306277691457745,
 "ascii_ratio": 0.9354838709677419,
 "digit_ratio": 0.0033514872224549644,
 "uppercase_ratio": 0.010892333472978634,
 "lowercase_ratio": 0.5412651864264767,
 "symbol_ratio": 0.1110180142438207,
 "null_ratio": 0.0,
 "non_printable_ratio": 0.06451612903225806,
 "byte_mean": 75.74821952241307,
 "byte_std": 38.24751090544421,
 "line_count": 77,
 "avg_line_length": 29.0,
 "empty_line_ratio": 0.23376623376623376,
 "max_line_length": 80,
 "hist_bin_0": 0.06451612903225806,
 "hist_bin_1": 0.34939254294093003,
 "hist_bin_2": 0.03812316715542522,
 "hist_bin_3": 0.5479681608713867,
 "hist_bin_4": 0.0,
 "hist_bin_5": 0.0,
 "hist_bin_6": 0.0,
 "hist_bin_7": 0.0
}