{
 "file_size": 860,
 "global_entropy": 4.684884901254524,
 "block_mean_entropy": 4.581811492373218,
 "block_std_entropy": 0.1936535533594946,
 "block_entropy_range": 0.2738674815627391,
 "byte_skewness": -0.8026352824875361,
 "byte_kurtosis": -1.0375285044194797,
 "ascii_ratio": 0.9255813953488372,
 "digit_ratio": 0.02441860465116279,
 "uppercase_ratio": 0.004651162790697674,
 "lowercase_ratio": 0.6174418604651163,
 "symbol_ratio": 0.08604651162790698,
 "null_ratio": 0.0,
 "non_printable_ratio": 0.07441860465116279,
 "byte_mean": 82.64186046511628,
 "byte_std": 36.43154927511567,
 "line_count": 32,
 "avg_line_length": 24.875,
 "empty_line_ratio": 0.21875,
 "max_line_length": 64,
 "hist_bin_0": 0.07441860465116279,
 "hist_bin_1": 0.25,
 "hist_bin_2": 0.05116279069767442,
 "hist_bin_3": 0.6244186046511628,
 "hist_bin_4": 0.0,
 "hist_bin_5": 0.0,
 "hist_bin_6": 0.0,
 "hist_bin_7": 0.0
}