{
 "file_size": 1183,
 "global_entropy": 4.609236599142458,
 "block_mean_entropy": 4.531722992263897,
 "block_std_entropy": 0.09985796557505586,
 "block_entropy_range": 0.19142538793817554,
 "byte_skewness": -0.5330250622163765,
 "byte_kurtosis": -1.4397932976347247,
 "ascii_ratio": 0.9306846999154691,
 "digit_ratio": 0.0008453085376162299,
 "uppercase_ratio": 0.0033812341504649195,
 "lowercase_ratio": 0.588334742180896,
 "symbol_ratio": 0.13102282333051563,
 "null_ratio": 0.0,
 "non_printable_ratio": 0.06931530008453085,
 "byte_mean": 78.85122569737955,
 "byte_std": 37.71712365097235,
 "line_count": 41,
 "avg_line_length": 26.853658536585368,
 "empty_line_ratio": 0.21951219512195122,
 "max_line_length": 108,
 "hist_bin_0": 0.06931530008453085,
 "hist_bin_1": 0.3136094674556213,
 "hist_bin_2": 0.02197802197802198,
 "hist_bin_3": 0.5950972104818258,
 "hist_bin_4": 0.0,
 "hist_bin_5": 0.0,
 "hist_bin_6": 0.0,
 "hist_bin_7": 0.0
}