{
 "file_size": 1157,
 "global_entropy": 4.49235128269131,
 "block_mean_entropy": 4.43805566319381,
 "block_std_entropy": 0.16560377694467057,
 "block_entropy_range": 0.2999207587409627,
 "byte_skewness": -0.3463140769635146,
 "byte_kurtosis": -1.6283127707517517,
 "ascii_ratio": 0.9256698357821953,
 "digit_ratio": 0.006914433880726016,
 "uppercase_ratio": 0.003457216940363008,
 "lowercase_ratio": 0.5350043215211755,
 "symbol_ratio": 0.1132238547968885,
 "null_ratio": 0.0,
 "non_printable_ratio": 0.07433016421780467,
 "byte_mean": 75.08729472774417,
 "byte_std": 38.41267283178398,
 "line_count": 43,
 "avg_line_length": 24.906976744186046,
 "empty_line_ratio": 0.11627906976744186,
 "max_line_length": 60,
 "hist_bin_0": 0.07433016421780467,
 "hist_bin_1": 0.35350043215211757,
 "hist_bin_2": 0.037165082108902334,
 "hist_bin_3": 0.5350043215211755,
 "hist_bin_4": 0.0,
 "hist_bin_5": 0.0,
 "hist_bin_6": 0.0,
 "hist_bin_7": 0.0
}