{
 "file_size": 1358,
 "global_entropy": 4.379564828272747,
 "block_mean_entropy": 4.348506479251646,
 "block_std_entropy": 0.2871335378611016,
 "block_entropy_range": 0.5595236383659392,
 "byte_skewness": -0.2648020681144063,
 "byte_kurtosis": -1.7029985577821691,
 "ascii_ratio": 0.93519882179676,
 "digit_ratio": 0.0014727540500736377,
 "uppercase_ratio": 0.005154639175257732,
 "lowercase_ratio": 0.5294550810014728,
 "symbol_ratio": 0.10972017673048601,
 "null_ratio": 0.0,
 "non_printable_ratio": 0.06480117820324006,
 "byte_mean": 73.8321060382916,
 "byte_std": 38.46825786494644,
 "line_count": 44,
 "avg_line_length": 28.863636363636363,
 "empty_line_ratio": 0.1590909090909091,
 "max_line_length": 79,
 "hist_bin_0": 0.06480117820324006,
 "hist_bin_1": 0.3784977908689249,
 "hist_bin_2": 0.027245949926362298,
 "hist_bin_3": 0.5294550810014728,
 "hist_bin_4": 0.0,
 "hist_bin_5": 0.0,
 "hist_bin_6": 0.0,
 "hist_bin_7": 0.0
}