{
 "file_size": 1985,
 "global_entropy": 4.588474594923479,
 "block_mean_entropy": 4.469572073492902,
 "block_std_entropy": 0.15902654353142479,
 "block_entropy_range": 0.35192706545082153,
 "byte_skewness": -0.24096479659335962,
 "byte_kurtosis": -1.691722262222163,
 "ascii_ratio": 0.9335012594458438,
 "digit_ratio": 0.01662468513853904,
 "uppercase_ratio": 0.013602015113350126,
 "lowercase_ratio": 0.5073047858942066,
 "symbol_ratio": 0.12141057934508816,
 "null_ratio": 0.0,
 "non_printable_ratio": 0.06649874055415617,
 "byte_mean": 74.1234256926952,
 "byte_std": 38.693439330288214,
 "line_count": 66,
 "avg_line_length": 28.075757575757574,
 "empty_line_ratio": 0.18181818181818182,
 "max_line_length": 67,
 "hist_bin_0": 0.06649874055415617,
 "hist_bin_1": 0.3818639798488665,
 "hist_bin_2": 0.024181360201511334,
 "hist_bin_3": 0.527455919395466,
 "hist_bin_4": 0.0,
 "hist_bin_5": 0.0,
 "hist_bin_6": 0.0,
 "hist_bin_7": 0.0
}