{
 "file_size": 9487,
 "global_entropy": 4.974672880689669,
 "block_mean_entropy": 4.682513532978289,
 "block_std_entropy": 0.2526956550804095,
 "block_entropy_range": 1.1988863057592116,
 "byte_skewness": -0.6404052718674005,
 "byte_kurtosis": -1.1198934632891178,
 "ascii_ratio": 0.9399177822283125,
 "digit_ratio": 0.024981553705070096,
 "uppercase_ratio": 0.04648466322335828,
 "lowercase_ratio": 0.5615052176662801,
 "symbol_ratio": 0.14272161905765784,
 "null_ratio": 0.0,
 "non_printable_ratio": 0.060082217771687575,
 "byte_mean": 80.1548434700116,
 "byte_std": 34.5466346056214,
 "line_count": 285,
 "avg_line_length": 31.287719298245612,
 "empty_line_ratio": 0.24912280701754386,
 "max_line_length": 86,
 "hist_bin_0": 0.060082217771687575,
 "hist_bin_1": 0.30346790344682195,
 "hist_bin_2": 0.07410140191841467,
 "hist_bin_3": 0.5623484768630758,
 "hist_bin_4": 0.0,
 "hist_bin_5": 0.0,
 "hist_bin_6": 0.0,
 "hist_bin_7": 0.0
}