{
 "file_size": 4731,
 "global_entropy": 4.62772100913887,
 "block_mean_entropy": 4.359621487758941,
 "block_std_entropy": 0.39242835641735746,
 "block_entropy_range": 1.1962252238510316,
 "byte_skewness": -0.32623165132478227,
 "byte_kurtosis": -1.6363961812255816,
 "ascii_ratio": 0.9594166138237159,
 "digit_ratio": 0.013527795392094694,
 "uppercase_ratio": 0.020714436694145,
 "lowercase_ratio": 0.5277953920946946,
 "symbol_ratio": 0.11456351722680194,
 "null_ratio": 0.0,
 "non_printable_ratio": 0.040583386176284084,
 "byte_mean": 76.03360811667723,
 "byte_std": 37.058260347298784,
 "line_count": 96,
 "avg_line_length": 47.28125,
 "empty_line_ratio": 0.11458333333333333,
 "max_line_length": 593,
 "hist_bin_0": 0.040583386176284084,
 "hist_bin_1": 0.38469668146269287,
 "hist_bin_2": 0.03804692454026633,
 "hist_bin_3": 0.5366730078207567,
 "hist_bin_4": 0.0,
 "hist_bin_5": 0.0,
 "hist_bin_6": 0.0,
 "hist_bin_7": 0.0
}