{
 "file_size": 3638,
 "global_entropy": 5.238934793108666,
 "block_mean_entropy": 4.830839333483475,
 "block_std_entropy": 0.36241402163352765,
 "block_entropy_range": 1.14476380718094,
 "byte_skewness": -0.844216009394078,
 "byte_kurtosis": -0.8486109303903882,
 "ascii_ratio": 0.9736118746564046,
 "digit_ratio": 0.031335898845519516,
 "uppercase_ratio": 0.02611324903793293,
 "lowercase_ratio": 0.6448598130841121,
 "symbol_ratio": 0.13633864760857614,
 "null_ratio": 0.0,
 "non_printable_ratio": 0.026388125343595383,
 "byte_mean": 86.04892798240792,
 "byte_std": 32.668656942998965,
 "line_count": 48,
 "avg_line_length": 73.79166666666667,
 "empty_line_ratio": 0.2916666666666667,
 "max_line_length": 903,
 "hist_bin_0": 0.026388125343595383,
 "hist_bin_1": 0.2795492028587136,
 "hist_bin_2": 0.037383177570093455,
 "hist_bin_3": 0.6566794942275975,
 "hist_bin_4": 0.0,
 "hist_bin_5": 0.0,
 "hist_bin_6": 0.0,
 "hist_bin_7": 0.0
}