{
 "file_size": 3344,
 "global_entropy": 4.935294298794938,
 "block_mean_entropy": 4.724118750294275,
 "block_std_entropy": 0.2947565462734122,
 "block_entropy_range": 0.9333771596465317,
 "byte_skewness": -0.3518466087290502,
 "byte_kurtosis": -1.4946755597329593,
 "ascii_ratio": 0.9563397129186603,
 "digit_ratio": 0.012260765550239234,
 "uppercase_ratio": 0.12081339712918661,
 "lowercase_ratio": 0.47039473684210525,
 "symbol_ratio": 0.08791866028708134,
 "null_ratio": 0.0,
 "non_printable_ratio": 0.04366028708133971,
 "byte_mean": 75.88726076555024,
 "byte_std": 35.545208836138926,
 "line_count": 73,
 "avg_line_length": 43.80821917808219,
 "empty_line_ratio": 0.136986301369863,
 "max_line_length": 416,
 "hist_bin_0": 0.04366028708133971,
 "hist_bin_1": 0.33014354066985646,
 "hist_bin_2": 0.152811004784689,
 "hist_bin_3": 0.47338516746411485,
 "hist_bin_4": 0.0,
 "hist_bin_5": 0.0,
 "hist_bin_6": 0.0,
 "hist_bin_7": 0.0
}