{
 "file_size": 2148,
 "global_entropy": 5.007692433698592,
 "block_mean_entropy": 4.776344731007101,
 "block_std_entropy": 0.24970189183929226,
 "block_entropy_range": 0.6439158111808219,
 "byte_skewness": -0.4414590406630994,
 "byte_kurtosis": -1.4539841831271798,
 "ascii_ratio": 0.9441340782122905,
 "digit_ratio": 0.08612662942271881,
 "uppercase_ratio": 0.034916201117318434,
 "lowercase_ratio": 0.5223463687150838,
 "symbol_ratio": 0.0856610800744879,
 "null_ratio": 0.0,
 "non_printable_ratio": 0.055865921787709494,
 "byte_mean": 77.34217877094972,
 "byte_std": 35.95926400635385,
 "line_count": 60,
 "avg_line_length": 33.8,
 "empty_line_ratio": 0.23333333333333334,
 "max_line_length": 158,
 "hist_bin_0": 0.055865921787709494,
 "hist_bin_1": 0.34590316573556795,
 "hist_bin_2": 0.07216014897579143,
 "hist_bin_3": 0.5260707635009311,
 "hist_bin_4": 0.0,
 "hist_bin_5": 0.0,
 "hist_bin_6": 0.0,
 "hist_bin_7": 0.0
}