{
 "file_size": 3520,
 "global_entropy": 6.089632683230648,
 "block_mean_entropy": 5.8601148764328554,
 "block_std_entropy": 0.3769236531427939,
 "block_entropy_range": 1.1112158811664745,
 "byte_skewness": -0.3507415028066242,
 "byte_kurtosis": -1.1432167076642095,
 "ascii_ratio": 0.9602272727272727,
 "digit_ratio": 0.11931818181818182,
 "uppercase_ratio": 0.20767045454545455,
 "lowercase_ratio": 0.38181818181818183,
 "symbol_ratio": 0.09801136363636363,
 "null_ratio": 0.0,
 "non_printable_ratio": 0.03977272727272727,
 "byte_mean": 76.74176136363636,
 "byte_std": 31.871948432714277,
 "line_count": 70,
 "avg_line_length": 48.285714285714285,
 "empty_line_ratio": 0.2571428571428571,
 "max_line_length": 430,
 "hist_bin_0": 0.03977272727272727,
 "hist_bin_1": 0.3224431818181818,
 "hist_bin_2": 0.2431818181818182,
 "hist_bin_3": 0.3946022727272727,
 "hist_bin_4": 0.0,
 "hist_bin_5": 0.0,
 "hist_bin_6": 0.0,
 "hist_bin_7": 0.0
}