{
 "file_size": 2489,
 "global_entropy": 5.869681283436597,
 "block_mean_entropy": 5.531669114617067,
 "block_std_entropy": 0.6137791564729465,
 "block_entropy_range": 1.4874053358038815,
 "byte_skewness": -0.2932685260452523,
 "byte_kurtosis": -1.161841029723656,
 "ascii_ratio": 0.9533949377259944,
 "digit_ratio": 0.14423463238248294,
 "uppercase_ratio": 0.1599035757332262,
 "lowercase_ratio": 0.2924869425472077,
 "symbol_ratio": 0.11490558457211732,
 "null_ratio": 0.0,
 "non_printable_ratio": 0.046605062274005626,
 "byte_mean": 74.35355564483729,
 "byte_std": 31.559740559762133,
 "line_count": 58,
 "avg_line_length": 40.91379310344828,
 "empty_line_ratio": 0.25862068965517243,
 "max_line_length": 693,
 "hist_bin_0": 0.046605062274005626,
 "hist_bin_1": 0.35034150261149055,
 "hist_bin_2": 0.2969063881076738,
 "hist_bin_3": 0.30614704700683004,
 "hist_bin_4": 0.0,
 "hist_bin_5": 0.0,
 "hist_bin_6": 0.0,
 "hist_bin_7": 0.0
}