{
 "file_size": 1774,
 "global_entropy": 5.599513252111403,
 "block_mean_entropy": 5.405808410094716,
 "block_std_entropy": 0.30836895628364713,
 "block_entropy_range": 0.6368234275231455,
 "byte_skewness": -0.24934585361630968,
 "byte_kurtosis": -1.391785432694118,
 "ascii_ratio": 0.9323562570462233,
 "digit_ratio": 0.06595264937993235,
 "uppercase_ratio": 0.12401352874859076,
 "lowercase_ratio": 0.35174746335963925,
 "symbol_ratio": 0.13134160090191657,
 "null_ratio": 0.0,
 "non_printable_ratio": 0.06764374295377677,
 "byte_mean": 72.43686583990981,
 "byte_std": 34.50334059749485,
 "line_count": 60,
 "avg_line_length": 27.566666666666666,
 "empty_line_ratio": 0.2833333333333333,
 "max_line_length": 116,
 "hist_bin_0": 0.06764374295377677,
 "hist_bin_1": 0.3500563697857948,
 "hist_bin_2": 0.21645997745208567,
 "hist_bin_3": 0.36583990980834274,
 "hist_bin_4": 0.0,
 "hist_bin_5": 0.0,
 "hist_bin_6": 0.0,
 "hist_bin_7": 0.0
}