{
 "file_size": 1802,
 "global_entropy": 5.360103551803211,
 "block_mean_entropy": 5.151914892977631,
 "block_std_entropy": 0.3923988591460808,
 "block_entropy_range": 0.8839131344250823,
 "byte_skewness": -0.2549710402316266,
 "byte_kurtosis": -1.5455574064186106,
 "ascii_ratio": 0.9389567147613762,
 "digit_ratio": 0.049944506104328525,
 "uppercase_ratio": 0.0804661487236404,
 "lowercase_ratio": 0.46004439511653716,
 "symbol_ratio": 0.12153163152053274,
 "null_ratio": 0.0,
 "non_printable_ratio": 0.06104328523862375,
 "byte_mean": 74.01165371809101,
 "byte_std": 36.42623454893382,
 "line_count": 55,
 "avg_line_length": 30.763636363636362,
 "empty_line_ratio": 0.21818181818181817,
 "max_line_length": 117,
 "hist_bin_0": 0.06104328523862375,
 "hist_bin_1": 0.36403995560488345,
 "hist_bin_2": 0.10543840177580466,
 "hist_bin_3": 0.4694783573806881,
 "hist_bin_4": 0.0,
 "hist_bin_5": 0.0,
 "hist_bin_6": 0.0,
 "hist_bin_7": 0.0
}