{
 "file_size": 24,
 "global_entropy": 3.9701755214643457,
 "ascii_ratio": 0.8333333333333334,
 "line_count": 2,
 "avg_line_length": 10.0
}