{
    "train_size": 0,
    "test_size": 100,
    "split_ratio": 0.3,
    "random_state": 42,
    "threshold": 0.024701912248446492,
    "mode": "adaptive",
    "action": "inference",
    "metrics": {
        "precision": 0.875,
        "recall": 0.7,
        "f1": 0.7777777777777778,
        "fp": 3,
        "fn": 9,
        "roc_auc": 0.9404761904761905
    },
    "timestamp": "2026-03-01T01:38:52.129523",
    "version": "1.1.0"
}