{
    "timestamp": "2026-02-23T20:31:01.638077",
    "version": "1.0.0",
    "mode": "adaptive",
    "threshold": 0.04595633304427746,
    "metrics": {
        "precision": 0.7848101265822784,
        "recall": 0.9117647058823529,
        "f1": 0.8435374149659864,
        "fp": 17,
        "fn": 6,
        "roc_auc": 0.902077497665733
    }
}