{
    "train_size": 70,
    "test_size": 30,
    "split_ratio": 0.3,
    "random_state": 42,
    "threshold": -0.0009971977385673956,
    "mode": "adaptive",
    "action": "train",
    "metrics": {
        "precision": 0.7272727272727273,
        "recall": 0.8888888888888888,
        "f1": 0.8,
        "fp": 3,
        "fn": 1,
        "roc_auc": 0.8571428571428572
    },
    "timestamp": "2026-02-24T23:38:22.704082",
    "version": "1.1.0"
}