{
    "train_size": 70,
    "test_size": 30,
    "split_ratio": 0.3,
    "random_state": 42,
    "threshold": 0.024701912248446492,
    "mode": "adaptive",
    "action": "train",
    "metrics": {
        "precision": 0.8888888888888888,
        "recall": 0.8888888888888888,
        "f1": 0.8888888888888888,
        "fp": 1,
        "fn": 1,
        "roc_auc": 0.9470899470899471
    },
    "timestamp": "2026-03-01T01:38:46.851518",
    "version": "1.1.0"
}